Chair,Member,ERC-Date
Satoru Iwata,Luigi Ambrosio,2025
Satoru Iwata,Carolina Araujo,2025
Satoru Iwata,Boris Aronov,2025
Satoru Iwata,Stéphane Boucheron,2025
Satoru Iwata,Alice Guionnet,2025
Satoru Iwata,Gitta Kutyniok,2025
Satoru Iwata,Elon Lindenstrauss,2025
Satoru Iwata,Ilaria Perugia,2025
Satoru Iwata,Laura Maria Sangalli,2025
Satoru Iwata,Thomas Scanlon,2025
Satoru Iwata,Carola-Bibiane Schönlieb,2025
Satoru Iwata,Fabio Toninelli,2025
Satoru Iwata,Karen Vogtmann,2025
Satoru Iwata,Katrin Wendland,2025
Giulia Zanderighi,Eric Arnold Bergshoeff,2025
Giulia Zanderighi,Frédéric Chevy,2025
Giulia Zanderighi,Brigitte Cros,2025
Giulia Zanderighi,Péter Domokos,2025
Giulia Zanderighi,Aurél Gábris,2025
Giulia Zanderighi,Mariusz Gajda,2025
Giulia Zanderighi,Oldřich Kepka,2025
Giulia Zanderighi,Zohar Komargodski,2025
Giulia Zanderighi,Blaženka Melić,2025
Giulia Zanderighi,Werner Riegler,2025
Giulia Zanderighi,Oriol Romero Isart,2025
Giulia Zanderighi,Ewa Rondio,2025
Giulia Zanderighi,Concettina Sfienti,2025
Giulia Zanderighi,Katalin Varjú,2025
Giulia Zanderighi,Frank Verstraete,2025
Daniele Brida,M. Isabel Alonso,2025
Daniele Brida,Sergej Demokritov,2025
Daniele Brida,Daan Frenkel,2025
Daniele Brida,Maia Vergniory,2025
Daniele Brida,Juan Garrahan,2025
Daniele Brida,Julie Grollier,2025
Daniele Brida,Pertti Hakonen,2025
Daniele Brida,Paul Janmey,2025
Daniele Brida,Despina Louca,2025
Daniele Brida,Dragomir Neshev,2025
Daniele Brida,Marco Polini,2025
Daniele Brida,Jeroen Van den Brink,2025
Daniele Brida,Thorsten Wohland,2025
Daniele Brida,Emanuela Zaccarelli,2025
Dónal Leech,Sara Bals,2025
Dónal Leech,Perdita Barran,2025
Dónal Leech,Daniel Bélanger,2025
Dónal Leech,Ria Broer-Braam,2025
Dónal Leech,Michele Ceriotti,2025
Dónal Leech,Ilaria Ciofini,2025
Dónal Leech,Gaël de Paëpe,2025
Dónal Leech,Mariangela Di Donato,2025
Dónal Leech,Michael Lyons,2025
Dónal Leech,Steve Meech,2025
Dónal Leech,Arben Merkoçi,2025
Dónal Leech,Giulia Palermo,2025
Dónal Leech,Carsten Sönnichsen,2025
Dónal Leech,Martin Sterrer,2025
Dónal Leech,Hilde J. Venvik,2025
Patrice Simon,Simon Aldridge,2025
Patrice Simon,Ivet Bahar,2025
Patrice Simon,Anna Bernardi,2025
Patrice Simon,Wolfgang Binder,2025
Patrice Simon,Stephen Connon,2025
Patrice Simon,Christophe Detrembleur,2025
Patrice Simon,Vy Dong,2025
Patrice Simon,Mihaela Florea,2025
Patrice Simon,María Giménez López,2025
Patrice Simon,Silvia Giordani,2025
Patrice Simon,Nicolas Giuseppone,2025
Patrice Simon,Syuzanna Harutyunyan,2025
Patrice Simon,Sohini Kar-Narayan,2025
Patrice Simon,Christian Adam Olsen,2025
Patrice Simon,Laura Orian,2025
Patrice Simon,Tatjana N. Parac-Vogt,2025
Mateja Jamnik,Sophia Ananiadou,2025
Mateja Jamnik,Mirela Ben-Chen,2025
Mateja Jamnik,Levente Buttyán,2025
Mateja Jamnik,Ioannis Caragiannis,2025
Mateja Jamnik,Ronald de Wolf,2025
Mateja Jamnik,Derek Dreyer,2025
Mateja Jamnik,Luca Gambardella,2025
Mateja Jamnik,Oliver Kohlbacher,2025
Mateja Jamnik,Christoph Lampert,2025
Mateja Jamnik,Jiri Matas,2025
Mateja Jamnik,Laurence Nigay,2025
Mateja Jamnik,Dino Pedreschi,2025
Mateja Jamnik,Bart Preneel,2025
Mateja Jamnik,Jean-François Raskin,2025
Mateja Jamnik,Fabian Suchanek,2025
Mateja Jamnik,A. Murat Tekalp,2025
Mateja Jamnik,Emmanouel Varvarigos,2025
Heike Vallery,José Capmany,2025
Heike Vallery,Alessandro Chiuso,2025
Heike Vallery,Johan Driesen,2025
Heike Vallery,Raja Giryes,2025
Heike Vallery,Naira Hovakimyan,2025
Heike Vallery,Abbas Jamalipour,2025
Heike Vallery,Maud Marchal,2025
Heike Vallery,Giorgio Metta,2025
Heike Vallery,Frank Niklaus,2025
Heike Vallery,Josef Nossek,2025
Heike Vallery,Richard Penty,2025
Heike Vallery,Eva Rajo-Iglesias,2025
Heike Vallery,Maria Tenje,2025
Heike Vallery,Chi Tse,2025
Heike Vallery,James Wilkinson,2025
Heike Vallery,Honggang Zhang,2025
Yves Bamberger,Mehdi Ahmadian,2025
Yves Bamberger,Paulo Bartolo,2025
Yves Bamberger,Shekhar Bhansali,2025
Yves Bamberger,Davide Bigoni,2025
Yves Bamberger,Corinne Cabassud,2025
Yves Bamberger,Emiliano Cortés,2025
Yves Bamberger,Michael Havbro Faber,2025
Yves Bamberger,Nesreen Ghaddar,2025
Yves Bamberger,Hanna Isaksson,2025
Yves Bamberger,Saša Kenjereš,2025
Yves Bamberger,Eva María Martín Del Valle,2025
Yves Bamberger,Tuan Ngo,2025
Yves Bamberger,Kuo-Long Pan,2025
Yves Bamberger,Jesús Santamaría,2025
Yves Bamberger,Sauro Succi,2025
Yves Bamberger,Martin Wilkening,2025
Yves Bamberger,Xiaoying Zhuang,2025
Vicki Hansen,Fátima Abrantes,2025
Vicki Hansen,Natalie Bolfan,2025
Vicki Hansen,Mike Burton,2025
Vicki Hansen,Claudio Chiarabba,2025
Vicki Hansen,Olivier Evrard,2025
Vicki Hansen,Sandro Fuzzi,2025
Vicki Hansen,Corinna Hoose,2025
Vicki Hansen,Hauke Knud Marquardt,2025
Vicki Hansen,Mari Pihlatie,2025
Vicki Hansen,Enno Schefuß,2025
Vicki Hansen,Benjamin Smith,2025
Vicki Hansen,Thomas Spengler,2025
Vicki Hansen,Julienne Stroeve,2025
Vicki Hansen,Lena Merete Tallaksen,2025
Vicki Hansen,Cees van Westen,2025
Andy Shearer,Dave Z. Besson,2025
Andy Shearer,Scott Bolton,2025
Andy Shearer,José A. Caballero,2025
Andy Shearer,Vassilis Charmandaris,2025
Andy Shearer,Cristina Chiappini,2025
Andy Shearer,Zsolt Frei,2025
Andy Shearer,Amina Helmi,2025
Andy Shearer,Martin Kunz,2025
Andy Shearer,Maria Lugaro,2025
Andy Shearer,Francesca Matteucci,2025
Andy Shearer,Michele Moresco,2025
Andy Shearer,Clare Parnell,2025
Andy Shearer,Giovanna Tinetti,2025
Silvia Vignolini,Miguel Bessa,2025
Silvia Vignolini,Maria Bignozzi,2025
Silvia Vignolini,João Paulo Borges,2025
Silvia Vignolini,Ana Isabel Borrás Martos,2025
Silvia Vignolini,Tal Dvir,2025
Silvia Vignolini,Mari-Ann Einarsrud,2025
Silvia Vignolini,Paula Ferreira,2025
Silvia Vignolini,Carlos González,2025
Silvia Vignolini,Kim Jelfs,2025
Silvia Vignolini,Martin Kaltenbrunner,2025
Silvia Vignolini,Marion Merklein,2025
Silvia Vignolini,Monica Morales Masis,2025
Silvia Vignolini,Salvador Pané i Vidal,2025
Silvia Vignolini,Kiyonori Suzuki,2025
Silvia Vignolini,Christoph Weder,2025
Titia Sixma,Rumiana Dimova,2025
Titia Sixma,Robert Konrat,2025
Titia Sixma,Maja Köhn,2025
Titia Sixma,Ohad Medalia,2025
Titia Sixma,Erwin Peterman,2025
Titia Sixma,Claire Rougeulle,2025
Titia Sixma,Dina Schneidman,2025
Titia Sixma,Evi Soutoglou,2025
Titia Sixma,Herta Steinkeller,2025
Titia Sixma,Peter Tompa,2025
Titia Sixma,Alessandro Vannini,2025
Titia Sixma,Hans Wandall,2025
Titia Sixma,Marcin Nowotny,2025
Julius Fabian Brennecke,Stein Aerts,2025
Julius Fabian Brennecke,Haike Antelmann,2025
Julius Fabian Brennecke,Maria Ina Arnone,2025
Julius Fabian Brennecke,Marisa S. Bartolomei,2025
Julius Fabian Brennecke,Paola Chiarugi,2025
Julius Fabian Brennecke,Michal Holčapek,2025
Julius Fabian Brennecke,Quaid Morris,2025
Julius Fabian Brennecke,Sergey Nejentsev,2025
Julius Fabian Brennecke,Csaba Pál,2025
Julius Fabian Brennecke,Alexander van Oudenaarden,2025
Julius Fabian Brennecke,Oliver Stegle,2025
Julius Fabian Brennecke,Karin Schumacher,2025
Daniel Gerlich,Maria Elena Torres Padilla,2025
Daniel Gerlich,Buzz Baum,2025
Daniel Gerlich,Eva Benkova,2025
Daniel Gerlich,Zbyněk Kozmik,2025
Daniel Gerlich,Andreas Mayer,2025
Daniel Gerlich,Caren Norden,2025
Daniel Gerlich,Eugenia (Jenny) Russinova,2025
Daniel Gerlich,Carmine Settembre,2025
Daniel Gerlich,Francesca Spagnoli,2025
Daniel Gerlich,Magali Suzanne,2025
Daniel Gerlich,Manuel Thery,2025
Daniel Gerlich,Iva Tolic,2025
Daniel Gerlich,Aleksandra Trifunovic,2025
Rong Tian,Reuven Agami,2025
Rong Tian,Rami Aqeilan,2025
Rong Tian,Gabriele Bergers,2025
Rong Tian,Wei Chen,2025
Rong Tian,Helene Duez,2025
Rong Tian,Christian Frezza,2025
Rong Tian,Pierre Maechler,2025
Rong Tian,Ruth Mc Pherson,2025
Rong Tian,Gilles Mithieux,2025
Rong Tian,Valerie O'Donnell,2025
Rong Tian,Tatiana Petrova,2025
Rong Tian,Mireille Serlie,2025
Rong Tian,Stephen Tait,2025
Rong Tian,Giannino del Sal,2025
Eraldo Paulesu,Amparo Acker-Palmer,2025
Eraldo Paulesu,Nicoletta Berardi,2025
Eraldo Paulesu,Claudia Clopath,2025
Eraldo Paulesu,Martin Dichgans,2025
Eraldo Paulesu,Carlos Dotti,2025
Eraldo Paulesu,Gilberto Fisone,2025
Eraldo Paulesu,Ulrik Gether,2025
Eraldo Paulesu,Pierre Gressens,2025
Eraldo Paulesu,Michaela Kress,2025
Eraldo Paulesu,Angela Sirigu,2025
Eraldo Paulesu,Floris de Lange,2025
Eraldo Paulesu,Katarzyna Łukasiuk,2025
Eraldo Paulesu,Patrik Verstreken,2025
Eraldo Paulesu,László Acsády,2025
David Tarlinton,Chiara Romagnani,2025
David Tarlinton,Nathalie Balaban,2025
David Tarlinton,Ben Berkhout,2025
David Tarlinton,Abhishek Garg,2025
David Tarlinton,Matteo Iannacone,2025
David Tarlinton,Julius Lukeš,2025
David Tarlinton,Nicolas Manel,2025
David Tarlinton,Gabi Palmer,2025
David Tarlinton,Laura Pasqualucci,2025
David Tarlinton,Pablo Pelegrin,2025
David Tarlinton,Hermelijn Helene Smits,2025
David Tarlinton,Joan Geoghegan,2025
Liesbet Geris,Maria Blanco-Prieto,2025
Liesbet Geris,Maria Blettner,2025
Liesbet Geris,Traolach Brugha,2025
Liesbet Geris,Micha Drukker,2025
Liesbet Geris,Alejandro Frangi,2025
Liesbet Geris,Alessia Gimelli,2025
Liesbet Geris,Václav Hořejší,2025
Liesbet Geris,Jorgen Kjems,2025
Liesbet Geris,Anders Kvanta,2025
Liesbet Geris,Ian Law,2025
Liesbet Geris,Evi Lianidou,2025
Liesbet Geris,June Helen Myklebust,2025
Liesbet Geris,Gerard Rongen,2025
Liesbet Geris,Amanda Ross,2025
Liesbet Geris,Mickael Tanter,2025
Liesbet Geris,Martine Vrijheid,2025
Liesbet Geris,Serena Zacchigna,2025
Anna-Liisa Laine,Susana Agustí Requena,2025
Anna-Liisa Laine,Carlos Alonso-Blanco,2025
Anna-Liisa Laine,Josefa Antón Botella,2025
Anna-Liisa Laine,Tal Dagan,2025
Anna-Liisa Laine,Troy Day,2025
Anna-Liisa Laine,Scott V. Edwards,2025
Anna-Liisa Laine,Anjali Goswami,2025
Anna-Liisa Laine,Thomas Hansen,2025
Anna-Liisa Laine,Anke Jentsch,2025
Anna-Liisa Laine,Virpi Lummaa,2025
Anna-Liisa Laine,Ülo Niinemets,2025
Anna-Liisa Laine,Johannes Rousk,2025
Anna-Liisa Laine,Martin Stevens,2025
Anna-Liisa Laine,Robby Stoks,2025
Anna-Liisa Laine,Frédéric Thomas,2025
Anna-Liisa Laine,Marcel Visser,2025
Anna-Liisa Laine,Thomas Gilbert,2025
Alan L. Kelly,Jane E. Parker,2025
Alan L. Kelly,Notburga Gierlinger,2025
Alan L. Kelly,Sara Hallin,2025
Alan L. Kelly,Minna Kellomäki,2025
Alan L. Kelly,Rob Lavigne,2025
Alan L. Kelly,Willie J.G.M. Peijnenburg,2025
Alan L. Kelly,Dominique P. Pioletti,2025
Alan L. Kelly,Anet Režek Jambrak,2025
Alan L. Kelly,Cristobal Uauy,2025
Alan L. Kelly,Imre Vass,2025
Alan L. Kelly,Wolfram Weckwerth,2025
Alan L. Kelly,Eckhard Wolf,2025
Florian von Wangenheim,Joakim Westerlund,2025
Florian von Wangenheim,Katharina Auer-Zotlöterer,2025
Florian von Wangenheim,Konrad Burchardi,2025
Florian von Wangenheim,Miguel Costa-Gomes,2025
Florian von Wangenheim,Mette Gørtz,2025
Florian von Wangenheim,Michael Kosfeld,2025
Florian von Wangenheim,Ladislav Krištoufek,2025
Florian von Wangenheim,Thorsten Lehnert,2025
Florian von Wangenheim,Steven Ongena,2025
Florian von Wangenheim,Evi Paraskevi Pappa,2025
Florian von Wangenheim,Enrico Pennings,2025
Florian von Wangenheim,Paola Antonia Profeta,2025
Florian von Wangenheim,Thomas Rønde,2025
Florian von Wangenheim,Fabian Waldinger,2025
Frédéric Mérand,Anuscheh Farahat,2025
Frédéric Mérand,Krisztina Arató,2025
Frédéric Mérand,Olivier De Schutter,2025
Frédéric Mérand,Scott Gates,2025
Frédéric Mérand,Bogdan Góralczyk,2025
Frédéric Mérand,Heike Klüver,2025
Frédéric Mérand,Brigitta Lurger,2025
Frédéric Mérand,Helen Margetts,2025
Frédéric Mérand,Stefania Milan,2025
Frédéric Mérand,Manuela Moschella,2025
Frédéric Mérand,Carmen Navarro Gómez,2025
Frédéric Mérand,David Restrepo Amariles,2025
Frédéric Mérand,Mary Rogan,2025
Frédéric Mérand,Ronald L. Rogowski,2025
Frédéric Mérand,Andrea Ruggeri,2025
Frédéric Mérand,Wojciech Sadurski,2025
Frédéric Mérand,Harm Schepel,2025
Frédéric Mérand,Ingrid van Biezen,2025
Lionel Obadia,Nicolas Marquis,2025
Lionel Obadia,Michele Burman,2025
Lionel Obadia,Bart Cammaerts,2025
Lionel Obadia,Steffen Dalsgaard,2025
Lionel Obadia,Nicolas Duvoux,2025
Lionel Obadia,Mikko Jakonen,2025
Lionel Obadia,Nina Kolleck,2025
Lionel Obadia,Chiaki Konishi,2025
Lionel Obadia,Frauke Kreuter,2025
Lionel Obadia,Franc Mali,2025
Lionel Obadia,Tiziana Mancini,2025
Lionel Obadia,Sofia Marques da Silva,2025
Lionel Obadia,Karlijn Massar,2025
Lionel Obadia,Letizia Paoli,2025
Lionel Obadia,Steven Raphael,2025
Lionel Obadia,Susana Salgado,2025
Lionel Obadia,Susanne Schwab,2025
Lionel Obadia,Ranjodh Singh Dhaliwal,2025
Lionel Obadia,Tore Slaatta,2025
Gabriella Vigliocco,Heleen Slagter,2025
Gabriella Vigliocco,Gregoire Borst,2025
Gabriella Vigliocco,Cristina Botella,2025
Gabriella Vigliocco,Ann Copestake,2025
Gabriella Vigliocco,Elisabetta Crocetti,2025
Gabriella Vigliocco,Daniel Everett,2025
Gabriella Vigliocco,Ingmar Franken,2025
Gabriella Vigliocco,Didier Grandjean,2025
Gabriella Vigliocco,Silvia Luraghi,2025
Gabriella Vigliocco,Despina Moraitou,2025
Gabriella Vigliocco,Carita Paradis,2025
Gabriella Vigliocco,Felix G. Rebitschek,2025
Gabriella Vigliocco,Antonio Rodríguez Fornells,2025
Gabriella Vigliocco,Jack Sidnell,2025
Gabriella Vigliocco,Elizabeth Shilin Spelke,2025
Gabriella Vigliocco,Simon Thorpe,2025
Gabriella Vigliocco,Tom Verguts,2025
Maciej Eder,Hanoch Ben-Yami,2025
Maciej Eder,Elisabetta Cattanei,2025
Maciej Eder,Göran Collste,2025
Maciej Eder,Robert Hawley,2025
Maciej Eder,Shazia Jagot,2025
Maciej Eder,Thomas Y Levin,2025
Maciej Eder,Katarzyna Marciniak,2025
Maciej Eder,Carmen Meinert,2025
Maciej Eder,Parimal Patil,2025
Maciej Eder,Sandra Ponzanesi,2025
Maciej Eder,Manuel Portela,2025
Maciej Eder,Rosalind Smith,2025
Maciej Eder,Thomas Sturm,2025
Maciej Eder,Ginette Vagenheim,2025
Maciej Eder,Peter A. O. Wasamba,2025
Maciej Eder,Jean Paul van Bendegem,2025
László Kontler,Rosa Maria Albert,2025
László Kontler,Miguel Bandeira Jerónimo,2025
László Kontler,James H. Barrett,2025
László Kontler,Amy Bogaard,2025
László Kontler,Christian Bonah,2025
László Kontler,Vinita Damodaran,2025
László Kontler,Sven Dupré,2025
László Kontler,Dagmar Ellerbrock,2025
László Kontler,Marcella Frangipane,2025
László Kontler,Philipp Gunz,2025
László Kontler,Michal Kopeček,2025
László Kontler,Ana María Rodríguez López,2025
László Kontler,Corinna Rossi,2025
László Kontler,Brian Shaev,2025
László Kontler,Zoltán Szombathy,2025
László Kontler,Sofía Torallas Tovar,2025
László Kontler,Robert Wiśniewski,2025
Tiit Tammaru,Thomas Elmqvist,2025
Tiit Tammaru,Jack Ahern,2025
Tiit Tammaru,Anne Laure Amilhat Szary,2025
Tiit Tammaru,Itzhak Benenson,2025
Tiit Tammaru,Marta Bivand Erdal,2025
Tiit Tammaru,Sarah Brauner-Otto,2025
Tiit Tammaru,Eric Clark,2025
Tiit Tammaru,Ferne Edwards,2025
Tiit Tammaru,Eran Feitelson,2025
Tiit Tammaru,Carlo Giupponi,2025
Tiit Tammaru,Thanasis Kizos,2025
Tiit Tammaru,Juan Carlos Martín Hernández,2025
Tiit Tammaru,Mary Mc Eniry,2025
Tiit Tammaru,France Meslé,2025
Tiit Tammaru,Raya Muttarak,2025
Tiit Tammaru,Josef Novotný,2025
Tiit Tammaru,Joacim Rocklöv,2025
Tiit Tammaru,Joeri Rogelj,2025
Helena Wulff,Stefano Allievi,2025
Helena Wulff,Bart Barendregt,2025
Helena Wulff,Elaine Chew,2025
Helena Wulff,Karmen Franinović,2025
Helena Wulff,Heather Horst,2025
Helena Wulff,Thomas Da Costa Kaufmann,2025
Helena Wulff,Susan Levine,2025
Helena Wulff,Chandana Mathur,2025
Helena Wulff,Giedrė Mickūnaitė,2025
Helena Wulff,Toby Miller,2025
Helena Wulff,Nicola Scaldaferri,2025
Helena Wulff,Kevin Smets,2025
Helena Wulff,Sharika Thiranagama,2025
Helena Wulff,Rob van der Laarse,2025
Helena Wulff,Lorenz Korn,2025
Helena Wulff,Ana Hofman,2025
